{
  "com.badlogic.gdx.graphics.Color":
  {
    "blue": { hex: "0096a0ff" },
    "white": { hex: "ffffffff" },
    "yellow": {hex: "FFFF00"},
  },
  "com.badlogic.gdx.graphics.g2d.BitmapFont":
  {
    "mainFont": { "file": "font/gradient1.fnt" },
    "detailFont": { "file" : "font/gradient2.fnt" },
    "titleFont": {"file": "font/gradient1.fnt"},
  },

  "com.badlogic.gdx.scenes.scene2d.ui.List$ListStyle":
  {
    "default":
    {
      "font": mainFont,
      "fontColorUnselected": yellow,
      "fontColorSelected": white,
      "selection": "altas",
    },
  },

  "com.badlogic.gdx.scenes.scene2d.ui.ScrollPane$ScrollPaneStyle":
  {
    "default" :
    {
      "hScrollKnob": "altas",
    }
  }
}